{
  "games": [
    {
      "gamename": "Mario",
      "gameauthor": "Nintendo",
      "gameprice": "599",
      "gametags": "adventur",
      "forkids": "true",
      "gamedesc": "Super Mario is a platform game series created by Nintendo based on and starring the fictional plumber Mario.",
      "gamerating": "3",
      "id": 1
    },
    {
      "gamename": "Titanfal",
      "gameauthor": "Respawn",
      "gameprice": "1299",
      "gametags": "FPS",
      "forkids": "true",
      "gamedesc": "Titanfall is a series of video games that mainly feature first-person shooter games",
      "gamerating": "5",
      "id": 2
    },
    {
      "gamename": "titanfal",
      "gameauthor": "sdfa",
      "gameprice": "455",
      "gametags": "sadf",
      "forkids": "true",
      "gamedesc": "asdfsd",
      "gamerating": "2",
      "id": 3
    },
    {
      "gamename": "sdfgs",
      "gameauthor": "sdasdffa",
      "gameprice": "600",
      "gametags": "sadf",
      "forkids": "true",
      "gamedesc": "asdfsd",
      "gamerating": "2",
      "id": 4
    },
    {
      "gamename": "Mario",
      "gameauthor": "Nintendo",
      "gameprice": "599",
      "gametags": "adventur",
      "forkids": "true",
      "gamedesc": "Super Mario is a platform game series created by Nintendo based on and starring the fictional plumber Mario.",
      "gamerating": "3",
      "id": 5
    },
    {
      "gamename": "Titanfal",
      "gameauthor": "Respawn",
      "gameprice": "1299",
      "gametags": "FPS",
      "forkids": "true",
      "gamedesc": "Titanfall is a series of video games that mainly feature first-person shooter games",
      "gamerating": "5",
      "id": 6
    },
    {
      "gamename": "Mario",
      "gameauthor": "Nintendo",
      "gameprice": "599",
      "gametags": "adventur",
      "forkids": "true",
      "gamedesc": "Super Mario is a platform game series created by Nintendo based on and starring the fictional plumber Mario.",
      "gamerating": "3",
      "id": 7
    },
    {
      "gamename": "Titanfall",
      "gameauthor": "Respawn",
      "gameprice": "1299",
      "gametags": "FPS",
      "forkids": "true",
      "gamedesc": "Titanfall is a series of video games that mainly feature first-person shooter games",
      "gamerating": "5",
      "id": 8
    }
  ]
}